-- FlowForge AI — Seed Data (H2 compatible)
-- This runs on every startup with in-memory H2 DB

-- =============================================
-- USERS (password = 'password' -> BCrypt)
-- =============================================
INSERT INTO users (id, name, email, password_hash, role, avatar_url, status) VALUES
(1, 'Alex Rivera',    'alex@flowforge.ai',   '$2a$10$dXJ3SW6G7P50lGmMkkmwe.20cQQubK3.HCGKKsyAX522/P2aY16I.', 'ADMIN',     'https://lh3.googleusercontent.com/aida-public/AB6AXuAaaCmG2X7M0HRj6oIPO8KLBwFd7ZMD-D3U_3Fcxm43AYgiJIGHCMWPIMWC5PptWnPQi3v0uVtn0Q1ELDCof2k6OinM7CfvsVRN16bTHHGOEz3LjYupZEc7hRW4Yn80iXgjL7LgEO88kbTgk4vaHoFeIDX81uAbh07aSIz8cKjMWffYVMebRrSBHNs4FBwPfCP8Ovm1mqaPNGJxVyPTeYI_ECwKSbCv7E48VLQz-XFNK1LBH-zSoMRwg49535Le3yNQv4czlK9SQg', 'ONLINE'),
(2, 'Sarah Jenkins',  'sarah@flowforge.ai',  '$2a$10$dXJ3SW6G7P50lGmMkkmwe.20cQQubK3.HCGKKsyAX522/P2aY16I.', 'PM',        'https://lh3.googleusercontent.com/aida-public/AB6AXuC5J7e8nRAGDBYSmyrxs5l0lrKsEUN6Cf8Sl2x2u35zRN2cHkyQtkvOtG_VOIeoZwTrXaZYXkqHzCzALEiALH2HoPOQUNeEtMATyZF2Mrky2G4Wlyda7HFA9rC2jXUAGI1zZwFd7eR1XIHFWg1dncOZtNsrvL_cB5JhdtcjysD-gneYvq2CzCLsekJQoB0ftbKbWeIKDdeEOJnBq0jhT5ARrlmVvM2DgXSNXhl82oXQpRMpXvFdk36KTOYK8g9f1lXgz7r-Sbpwow', 'ONLINE'),
(3, 'Marcus Chen',    'marcus@flowforge.ai', '$2a$10$dXJ3SW6G7P50lGmMkkmwe.20cQQubK3.HCGKKsyAX522/P2aY16I.', 'DEVELOPER', 'https://lh3.googleusercontent.com/aida-public/AB6AXuAjYOb3KV5tS_RTTVmRMfNdm5EyvRJ95yqndFMwhhc9b7McrsbOcj9_i84Un11WWGf34T3CdnBSNQP6A1cIOfoAxHHG8bdEXAupUsj925mSk4ymZIX0cq-yEMAzaDjq1xExfoTurbwdLCPkvGWSgvjPrcv7EgpBK2967NG9guezpTd41GUQGnIE_2WEsT8moYxOFBDwGFf43d77kJzAMRPcKbGgyFvtMongLOwz7q80jvxCqSlpmkaMlxeZuxWY-ow8TCY5PFSfCw', 'AWAY'),
(4, 'Elena Jordan',   'elena@flowforge.ai',  '$2a$10$dXJ3SW6G7P50lGmMkkmwe.20cQQubK3.HCGKKsyAX522/P2aY16I.', 'DEVELOPER', NULL, 'OFFLINE'),
(5, 'David Park',     'david@flowforge.ai',  '$2a$10$dXJ3SW6G7P50lGmMkkmwe.20cQQubK3.HCGKKsyAX522/P2aY16I.', 'DEVELOPER', 'https://lh3.googleusercontent.com/aida-public/AB6AXuDwtJjCIsbNExuZA2wJN5wIdeIJTr_qlA7Bp4SqY3zuqLYgien9bOnojFQI9HGOtXa0LU8rFRm5b42dhflA8TtZSFVIPyJOhWjdLfZ-7tjAFyWAA69c-fxdFmAOZC4JrwGcZleKS2lVD_PrzP0Ds11RSBs8RAayLWGVaIBO6Qey7yVpQmkfVscK1Dt1lwzmD98eaoJo9vdFHW4UJc36cMyTZuP1Ju869Pbhg4qlu6agpildk3CWuUrBll1Zjk9GrNh5_IJLWZBv7w', 'ONLINE'),
(6, 'Priya Sharma',   'priya@flowforge.ai',  '$2a$10$dXJ3SW6G7P50lGmMkkmwe.20cQQubK3.HCGKKsyAX522/P2aY16I.', 'QA',        'https://lh3.googleusercontent.com/aida-public/AB6AXuBGLhFVceEHDbFVSXBSg47HHiAoMOe2CwGfILvBHPUd8pTvBtfq8R7QhIfApnAnzfGo9ku_jhTxTNkzgo0tFQHG6jKJ8sWGhFAguXdHv6sA027lvnQLMe3grn3xL1JQKmBkOwgE_K3qvNFHxXTiperXFaznCsjN9VgkmRzN8w2MsCKOQOp7ig9nt28a5eRv9NHUrcC__SyWXO2O85C5KnAV4GSv8gczLizZtWsBSDcQtk0Ga1qwoZFLbBhk5edekd1A4AeUtKetCQ', 'ONLINE')
ON CONFLICT (id) DO NOTHING;

-- =============================================
-- PROJECTS
-- =============================================
INSERT INTO projects (id, name, description, owner_id, start_date, end_date, status, priority, category, client_name, icon, color, progress, ai_optimized) VALUES
(1, 'Project Nexus',         'Microservices architecture overhaul with automated scaling rules generated by AI.',                                         1, '2026-05-01', '2026-09-15', 'ACTIVE',   'HIGH',   'CLIENT',   'Acme Corp', 'hub',             'primary',   78, TRUE),
(2, 'Project Aegis',         'Implementing zero-trust security protocols across all internal dashboard interfaces.',                                       2, '2026-06-01', '2026-10-30', 'REVIEW',   'MEDIUM', 'INTERNAL', NULL,        'security',        'tertiary',  45, FALSE),
(3, 'Data Pipeline V2',      'Migrating legacy ETL processes to a real-time streaming architecture using Kafka.',                                          3, '2026-07-01', '2026-12-01', 'PLANNING', 'LOW',    'INTERNAL', NULL,        'database',        'secondary', 12, FALSE),
(4, 'LLM Fine-tuning',       'Training custom domain-specific models for automated customer support triage.',                                              1, '2026-04-15', '2026-08-30', 'ACTIVE',   'HIGH',   'INTERNAL', NULL,        'model_training',  'tertiary',  45, TRUE),
(5, 'Legacy CRM Sync',       'Archived project. Replaced by the v3 API integration module completed last quarter.',                                        2, '2025-11-01', '2026-03-15', 'ARCHIVED', 'LOW',    'CLIENT',   'Globex',    'inventory_2',     'outline',  100, FALSE),
(6, 'Q3 Marketing Campaign', 'Complete overhaul of the corporate marketing site focusing on generative AI integration.',                                    2, '2026-06-15', '2026-09-30', 'ACTIVE',   'HIGH',   'CLIENT',   'Acme Corp', 'language',        'primary',   68, TRUE)
ON CONFLICT (id) DO NOTHING;

-- =============================================
-- PROJECT MEMBERS
-- =============================================
INSERT INTO project_members (project_id, user_id) VALUES
(1,1),(1,2),(1,3),(1,5),(1,6),
(2,2),(2,4),
(3,3),(3,5),
(4,1),(4,6),
(5,2),(5,3),
(6,1),(6,2),(6,3),(6,5),(6,6)
ON CONFLICT (project_id, user_id) DO NOTHING;

-- =============================================
-- TASKS
-- =============================================
INSERT INTO tasks (id, project_id, title, description, status, priority, tag, assignee_id, due_date, progress, ai_review, sort_order) VALUES
(1,  1, 'Update component library geometry',           '',  'BACKLOG',      'LOW',    'Design',       5, '2026-07-20', 0,   FALSE, 1),
(2,  1, 'Implement lazy loading for 3D assets',        '',  'BACKLOG',      'MEDIUM', 'Frontend',     NULL, '2026-07-25', 0, FALSE, 2),
(3,  2, 'Define API rate-limiting rules',              '',  'BACKLOG',      'MEDIUM', 'Backend',      3, '2026-07-28', 0,   FALSE, 3),
(4,  1, 'Write integration tests for auth module',     '',  'BACKLOG',      'MEDIUM', 'QA',           6, '2026-07-30', 0,   FALSE, 4),
(5,  1, 'Resolve API latency spikes in Auth flow',     '',  'IN_PROGRESS',  'HIGH',   'AI Suggested', 5, '2026-07-08', 65,  FALSE, 1),
(6,  1, 'Migrate user session data to Redis cluster',  '',  'IN_PROGRESS',  'MEDIUM', 'Backend',      3, '2026-07-12', 0,   FALSE, 2),
(7,  1, 'Optimize vector search queries',              'Automated PR review in progress.',   'AI_REVIEW', 'MEDIUM', 'Evaluating', NULL, '2026-07-15', 0, TRUE, 1),
(8,  1, 'Patch OAuth vulnerability in staging',        '',  'COMPLETED',    'HIGH',   'Security',     3, '2026-07-01', 100, FALSE, 1),
(9,  2, 'Set up monitoring dashboards',                '',  'COMPLETED',    'MEDIUM', 'DevOps',       1, '2026-06-28', 100, FALSE, 2),
(10, 1, 'Database migration for user profiles',        '',  'COMPLETED',    'LOW',    'Backend',      5, '2026-06-25', 100, FALSE, 3),
(11, 6, 'Create login form',                           '',  'COMPLETED',    'HIGH',   'Frontend',     5, '2026-06-20', 100, FALSE, 4),
(12, 6, 'Setup DB schema',                             '',  'IN_PROGRESS',  'HIGH',   'Backend',      3, '2026-07-10', 40,  FALSE, 3)
ON CONFLICT (id) DO NOTHING;

-- =============================================
-- COMMENTS
-- =============================================
INSERT INTO comments (id, task_id, user_id, content, created_at) VALUES
(1, 5, 5, 'Found the bottleneck in the JWT validation middleware.', TIMESTAMP '2026-07-01 09:30:00'),
(2, 5, 1, 'Great find! Let me know if you need help with the Redis session refactor.', TIMESTAMP '2026-07-01 09:45:00'),
(3, 5, 3, 'I can pair on this after the standup.', TIMESTAMP '2026-07-01 10:00:00'),
(4, 7, 1, 'AI is currently reviewing the PR. ETA ~15 minutes.', TIMESTAMP '2026-07-01 11:30:00'),
(5, 8, 3, 'Patched and verified in staging. Ready for prod deployment.', TIMESTAMP '2026-07-01 08:00:00')
ON CONFLICT (id) DO NOTHING;

-- =============================================
-- CHANNELS
-- =============================================
INSERT INTO channels (id, name, type, topic) VALUES
(1, 'general',       'CHANNEL', 'General discussion for the team'),
(2, 'development',   'CHANNEL', 'Engineering updates and API discussions'),
(3, 'design-system', 'CHANNEL', 'Design system components and guidelines'),
(4, 'marketing',     'CHANNEL', 'Marketing campaigns and assets')
ON CONFLICT (id) DO NOTHING;

-- =============================================
-- CHANNEL MEMBERS
-- =============================================
INSERT INTO channel_members (channel_id, user_id) VALUES
(1,1),(1,2),(1,3),(1,4),(1,5),(1,6),
(2,1),(2,2),(2,3),(2,4),(2,5),(2,6),
(3,1),(3,2),(3,5),
(4,1),(4,2),(4,6)
ON CONFLICT (channel_id, user_id) DO NOTHING;

-- =============================================
-- MESSAGES
-- =============================================
INSERT INTO messages (id, channel_id, user_id, content, type, embed_json, created_at) VALUES
(1, 2, 3, 'Hey team, I just pushed the initial commits for the new WebSocket integration. Latency is around 40ms. Check PR #402.', 'USER', NULL, TIMESTAMP '2026-07-01 10:42:00'),
(2, 2, 1, 'Awesome work Marcus. Will review it before the afternoon sync.', 'USER', NULL, TIMESTAMP '2026-07-01 10:45:00'),
(3, 2, NULL, 'PR #402 has passed all CI/CD pipeline checks. Staging deployed successfully.', 'SYSTEM', '{"title":"Deploy Successful: staging-web-v2.1","subtitle":"Duration: 4m 12s","status":"success"}', TIMESTAMP '2026-07-01 11:00:00'),
(4, 2, 2, 'Looking good. Lets make sure the design system components handle real-time updates smoothly.', 'USER', NULL, TIMESTAMP '2026-07-01 11:05:00'),
(5, 1, 1, 'Good morning everyone! Reminder: standup is at 10 AM today.', 'USER', NULL, TIMESTAMP '2026-07-01 09:00:00'),
(6, 1, 2, 'Thanks Alex. I will present the Q3 campaign update.', 'USER', NULL, TIMESTAMP '2026-07-01 09:05:00')
ON CONFLICT (id) DO NOTHING;

-- =============================================
-- MESSAGE REACTIONS
-- =============================================
INSERT INTO message_reactions (id, message_id, user_id, emoji) VALUES
(1, 1, 1, 'rocket_launch'),
(2, 1, 2, 'rocket_launch'),
(3, 1, 5, 'rocket_launch'),
(4, 3, 3, 'check_circle'),
(5, 5, 2, 'thumb_up'),
(6, 5, 3, 'thumb_up')
ON CONFLICT (id) DO NOTHING;

-- =============================================
-- NOTIFICATIONS
-- =============================================
INSERT INTO notifications (id, user_id, message, type, is_read, created_at) VALUES
(1, 1, 'CI/CD Pipeline deployed successfully',             'SUCCESS', FALSE, TIMESTAMP '2026-07-01 10:58:00'),
(2, 1, 'Sarah Jenkins assigned you to API Documentation',  'TASK',    FALSE, TIMESTAMP '2026-07-01 10:30:00'),
(3, 1, 'AI detected 3 optimization opportunities',         'AI',      TRUE,  TIMESTAMP '2026-07-01 09:15:00'),
(4, 1, 'Build failed in staging environment',              'ERROR',   TRUE,  TIMESTAMP '2026-07-01 07:42:00'),
(5, 2, 'Marcus Chen pushed PR #402',                       'INFO',    FALSE, TIMESTAMP '2026-07-01 10:42:00'),
(6, 3, 'You were assigned to Define API rate-limiting',    'TASK',    FALSE, TIMESTAMP '2026-07-01 08:00:00')
ON CONFLICT (id) DO NOTHING;

-- =============================================
-- AI CONVERSATIONS
-- =============================================
INSERT INTO ai_conversations (id, user_id, title, created_at) VALUES
(1, 1, 'Q3 Marketing Campaign Planning', TIMESTAMP '2026-07-01 09:41:00')
ON CONFLICT (id) DO NOTHING;

-- =============================================
-- AI MESSAGES
-- =============================================
INSERT INTO ai_messages (id, conversation_id, role, content, metadata_json, created_at) VALUES
(1, 1, 'USER', 'I need to set up a new project for the upcoming Q3 Marketing Campaign. Can you suggest a roadmap?', NULL, TIMESTAMP '2026-07-01 09:41:00'),
(2, 1, 'ASSISTANT', 'I have analyzed the parameters for a standard Q3 Marketing Campaign. Here is a proposed roadmap.', '{"roadmap":[{"phase":"Phase 1 (Weeks 1-2)","description":"Market analysis and targeting.","done":true},{"phase":"Phase 2 (Weeks 3-5)","description":"Asset creation and A/B testing setup.","done":true},{"phase":"Phase 3 (Weeks 6-10)","description":"Execution and monitoring.","done":false}]}', TIMESTAMP '2026-07-01 09:41:30')
ON CONFLICT (id) DO NOTHING;

-- =============================================
-- RESTART IDENTITY SEQUENCES
-- =============================================
ALTER TABLE users ALTER COLUMN id RESTART WITH 100;
ALTER TABLE projects ALTER COLUMN id RESTART WITH 100;
ALTER TABLE tasks ALTER COLUMN id RESTART WITH 100;
ALTER TABLE comments ALTER COLUMN id RESTART WITH 100;
ALTER TABLE channels ALTER COLUMN id RESTART WITH 100;
ALTER TABLE messages ALTER COLUMN id RESTART WITH 100;
ALTER TABLE message_reactions ALTER COLUMN id RESTART WITH 100;
ALTER TABLE notifications ALTER COLUMN id RESTART WITH 100;
ALTER TABLE ai_conversations ALTER COLUMN id RESTART WITH 100;
ALTER TABLE ai_messages ALTER COLUMN id RESTART WITH 100;
